project,dataset,model_name,volume_id,samples,sncc,ged,iou_spleen,iou_liver,iou_mean,dice_spleen,dice_liver,dice_mean,surface_distance_prtogt_spleen,surface_distance_prtogt_liver,surface_distance_prtogt_mean,surface_distance_gttopr_spleen,surface_distance_gttopr_liver,surface_distance_gttopr_mean,surface_distance_avg_spleen,surface_distance_avg_liver,surface_distance_avg_mean
0,0,0,0,0,0,0,0,0,0,0,0,0,0,0,0,0,0,0,0,0,0
0,0,full_bayesian_KORA_v3,KORA2459774,10,0.07070196038715833,1.128176047487115,0.6062901644624414,0.45967130831731146,0.5329807363898764,0.04712621495127678,0.17700444161891937,0.11206533014774323,0.01617301536848717,0.10350786720721397,0.05984044128785057,0.7356498833285091,0.8219493900359831,0.778799636682246,0.37591144934849813,0.4627286286215985,0.4193200389850483
0,0,full_bayesian_KORA_v3,KORA2453328,10,0.10267252836486129,1.1336603409166912,0.571072803523345,0.5818648003323064,0.5764688019278257,0.06846324354410172,0.18036799132823944,0.12441562116146088,0.018883626128411102,0.0770149447821529,0.047949285455282,0.7468829643597228,0.7706682979081243,0.7587756311339235,0.38288329524406695,0.4238416213451386,0.40336245829460277
0,0,full_bayesian_KORA_v3,KORA2452913,10,0.1216537105517895,1.0257843234127995,0.5911405366736334,0.5191837291180457,0.5551621328958396,0.12014927715063095,0.3671492338180542,0.24364925920963287,0.03637802510587123,0.10553832558339393,0.07095817534463258,0.6857924094237878,0.8223177668717483,0.7540550881477681,0.3610852172648295,0.4639280462275711,0.41250663174620034
0,0,full_bayesian_KORA_v3,KORA2452353,10,0.11011728483426311,1.0822714235574118,0.6083497031524986,0.5020082077292574,0.5551789554408779,0.056696608662605286,0.2958584129810333,0.1762775182723999,0.016852005181794267,0.09106481958590805,0.053958412383851156,0.7337976752738214,0.7537190469685172,0.7437583611211693,0.3753248402278079,0.42239193327721264,0.39885838675251023
0,0,full_bayesian_KORA_v3,KORA2456928,10,0.1157986218828855,1.103860524575182,0.6380638781349941,0.5038073488720533,0.5709356135035237,0.0881829783320427,0.22975192964076996,0.15896745026111603,0.033892721509709164,0.15027341756531937,0.09208306953751427,0.7725852505177921,0.827678724257297,0.8001319873875445,0.40323898601375063,0.48897607091130824,0.4461075284625294
0,0,full_bayesian_KORA_v3,KORA2462380,10,0.08962694801908777,1.0927784042657436,0.5958959666227991,0.4994649856274681,0.5476804761251336,0.07143490016460419,0.25277575850486755,0.16210532188415527,0.01616285613375809,0.10866823197841916,0.06241554405608862,0.6365073459014419,0.8176408938100603,0.7270741198557511,0.3263351010176,0.46315456289423973,0.39474483195591986
0,0,full_bayesian_KORA_v3,KORA2459873,10,0.2716598714649183,1.1371308626236702,0.5959798084493833,0.44999425485464783,0.5229870316520155,0.04173784330487251,0.1523306965827942,0.0970342680811882,0.018470026485563267,0.08723679606200092,0.0528534112737821,0.7735745372360529,0.7851540628736955,0.7793643000548742,0.39602228186080807,0.43619542946784823,0.41610885566432815
0,0,full_bayesian_KORA_v3,KORA2453082,10,0.09308971880226515,1.1355466890403667,0.6067133279049219,0.5078176895985561,0.5572655087517391,0.04220715910196304,0.1853637993335724,0.11378547549247742,0.015929156018420532,0.08614258362214493,0.05103586982028273,0.6563109253366252,0.770837197063185,0.7135740611999051,0.3361200406775228,0.42848989034266494,0.3823049655100939
0,0,full_bayesian_KORA_v3,KORA2455268,10,0.1470511946061573,1.1436223548002658,0.5667908169159758,0.49406648805201525,0.5304286524839955,0.027381306514143944,0.15612302720546722,0.09175216406583786,0.014870634960200226,0.0730972890176319,0.04398396198891606,0.4886757192766343,0.5707215505394139,0.529698634908024,0.25177317711841724,0.3219094197785229,0.28684129844847006
0,0,full_bayesian_KORA_v3,KORA2452967,10,0.15053707736605507,1.1737079934651296,0.6178392199074809,0.511876794196687,0.5648580070520839,0.03953227028250694,0.09781616181135178,0.06867421418428421,0.013959830242777362,0.07324260244609132,0.04360121634443434,0.5022910191264025,0.6937095792481098,0.5980002991872562,0.25812542468458993,0.38347609084710055,0.32080075776584527
0,0,full_bayesian_KORA_v3,KORA2453048,10,0.21406971113922701,1.145285685875895,0.6314748514957694,0.4842731807876345,0.557874016141702,0.03756610304117203,0.16400831937789917,0.1007872074842453,0.019177805526176327,0.10669469527415104,0.06293625040016368,0.6044994260269889,0.8642692284298052,0.7343843272283971,0.3118386157765826,0.4854819618519781,0.39866028881428034
0,0,full_bayesian_KORA_v3,KORA2453677,10,0.09590096600507025,1.083275774716673,0.576624414109661,0.5032043112551433,0.5399143626824021,0.08548392355442047,0.26091697812080383,0.17320045828819275,0.022547990418085723,0.12907120392731194,0.07580959717269883,0.6295722094515314,0.813601383023013,0.7215867962372722,0.32606009993480856,0.4713362934751625,0.39869819670498546
0,0,full_bayesian_KORA_v3,KORA2452812,10,0.1354523423519869,1.0788970036449226,0.634340649771351,0.551886336612031,0.593113493191691,0.04244041442871094,0.33615925908088684,0.1892998367547989,0.02329824425983853,0.10073611629488756,0.06201718027736304,0.8135963754196852,0.8600362123775713,0.8368162938986283,0.41844730983976186,0.48038616433622944,0.4494167370879957
0,0,full_bayesian_KORA_v3,KORA2460903,10,0.16959624501022294,1.0853718857391499,0.5143623487130702,0.5992936456060524,0.5568279971595613,0.11286889016628265,0.24326065182685852,0.17806476354599,0.02652142896229603,0.07346716566498633,0.04999429731364118,0.7000664614075256,0.7362514821819008,0.7181589717947132,0.3632939451849108,0.4048593239234436,0.38407663455417723
0,0,full_bayesian_KORA_v3,KORA2452364,10,0.15807967364159164,0.9901934960567386,0.589692873786203,0.5223725781105649,0.5560327259483839,0.13722288608551025,0.4220224916934967,0.2796226739883423,0.05277321630545772,0.1076389984421787,0.08020610737381821,0.8483004490999655,0.8086619154204139,0.8284811822601896,0.4505368327027116,0.4581504569312963,0.4543436448170039
0,0,full_bayesian_KORA_v3,KORA2460348,10,0.09209165430902565,1.075750495520964,0.5915220735332797,0.4975683532900055,0.5445452134116426,0.09536625444889069,0.2714269161224365,0.183396577835083,0.03025704315676338,0.1056080746501021,0.06793255890343274,0.7609899619324575,0.7959454087291188,0.7784676853307881,0.39562350254461043,0.45077674168961046,0.4232001221171104
0,0,full_bayesian_KORA_v3,KORA2461338,10,0.12991094276616655,1.0877308502274667,0.5537978756929741,0.4984855002168713,0.5261416879549228,0.07932781428098679,0.24122944474220276,0.16027863323688507,0.030298651265938174,0.11850924660856854,0.07440394893725336,0.790649793672363,0.6862652744268692,0.7384575340496161,0.4104742224691506,0.4023872605177189,0.4064307414934347
0,0,full_bayesian_KORA_v3,KORA2461868,10,0.11776525532053546,1.1121274015299458,0.5832639369450733,0.5141121725964841,0.5486880547707786,0.08122173696756363,0.20223656296730042,0.14172914624214172,0.02953659669871098,0.12153186419914584,0.07553423044892842,0.7222402457959104,0.7297090481961034,0.7259746469960069,0.3758884212473107,0.4256204561976246,0.4007544387224677
0,0,full_bayesian_KORA_v3,KORA2460326,10,0.035212035216114206,1.1080556966134174,0.6268094942145067,0.4796534319833601,0.5532314630989335,0.12093838304281235,0.17923440039157867,0.1500863879919052,0.03885794169490722,0.1610364754054921,0.09994720855019966,0.7954473029224574,0.8378760898154166,0.816661696368937,0.4171526223086823,0.4994562826104544,0.4583044524595683
0,0,full_bayesian_KORA_v3,KORA2453172,10,0.0976810171899925,1.1007783342442217,0.6261135713850257,0.5285368418006617,0.5773252065928437,0.05490393564105034,0.27131375670433044,0.16310884058475494,0.020162151353024797,0.08670554578513429,0.05343384856907954,0.6526025106386215,0.7288672947451426,0.6907349026918821,0.33638233099582315,0.40778642026513845,0.3720843756304808
0,0,full_bayesian_KORA_v3,KORA2453136,10,0.12220723572823727,1.107321689295616,0.609328548462145,0.4393982240823483,0.5243633862722467,0.09446164965629578,0.17775268852710724,0.1361071765422821,0.032288451962664624,0.11276106363871401,0.07252475780068932,0.7785978767962579,0.8512046836433593,0.8149012802198086,0.40544316437946126,0.48198287364103665,0.44371301901024895
0,0,full_bayesian_KORA_v3,KORA2452206,10,0.13310748352105686,1.1324341438948204,0.6286132428132432,0.5095022682973108,0.5690577555552769,0.05858871340751648,0.18546341359615326,0.12202606350183487,0.025245954727362085,0.11026210775565495,0.06775403124150851,0.7081551941097366,0.8473981002150912,0.7777766471624139,0.36670057441854936,0.47883010398537307,0.4227653392019612
0,0,full_bayesian_KORA_v3,KORA2460878,10,0.06745033776552996,1.1257036316924145,0.608403905779999,0.4892558262151298,0.5488298659975644,0.08037330955266953,0.1654835045337677,0.12292841076850891,0.02020833346567085,0.11328804570355396,0.0667481895846124,0.6139927023649645,0.8248582362587445,0.7194254693118545,0.3171005179153177,0.4690731409811493,0.3930868294482334
0,0,full_bayesian_KORA_v3,KORA2452129,10,0.09725896465647924,1.1408661192731313,0.6194812061794075,0.5125538657393396,0.5660175359593735,0.06608008593320847,0.158702552318573,0.11239132285118103,0.022816048629259816,0.11728962073600108,0.07005283468263045,0.7303575165424823,0.7443446635092625,0.7373510900258724,0.376586782585871,0.4308171421226318,0.40370196235425143
0,0,full_bayesian_KORA_v3,KORA2456278,10,0.10891500528779169,1.115466898750348,0.609356243269816,0.5268491671198132,0.5681027051948147,0.041354063898324966,0.24336741864681244,0.14236074686050415,0.018841538063595908,0.08609480704284339,0.05246817255321965,0.7180860837762453,0.7694221501519214,0.7437541169640833,0.3684638109199206,0.42775847859738236,0.3981111447586515
0,0,full_bayesian_KORA_v3,KORA2456199,10,0.09927901089309671,1.1840050731109928,0.5997976833080437,0.5057175459043738,0.5527576146062088,0.025241095572710037,0.07316522300243378,0.04920315742492676,0.011623438458602397,0.09174339923686375,0.05168341884773307,0.6078425991925593,0.7813447220512636,0.6945936606219114,0.30973301882558085,0.4365440606440637,0.37313853973482225
0,0,full_bayesian_KORA_v3,KORA2460565,10,0.13260464286479434,1.0519676758756513,0.6224400792437644,0.49345856226979296,0.5579493207567787,0.08636277914047241,0.33995628356933594,0.21315953135490417,0.02963667472413058,0.11285267385602468,0.07124467429007764,0.7783581132508154,0.7916536823057793,0.7850058977782973,0.403997393987473,0.452253178080902,0.4281252860341875
0,0,full_bayesian_KORA_v3,KORA2454788,10,0.13922795594051565,1.1829231858900875,0.6440732712018337,0.5146441530106481,0.5793587121062409,0.05228119343519211,0.07139287143945694,0.061837032437324524,0.01637426373718385,0.10976047317124912,0.06306736845421648,0.4815857143646124,0.7543139067859844,0.6179498105752984,0.24897998905089813,0.4320371899786168,0.34050858951475743
0,0,full_bayesian_KORA_v3,KORA2460174,10,0.11176928716004751,1.0138262005671428,0.6379689349469768,0.5300790813889769,0.5840240081679768,0.05733298882842064,0.44858813285827637,0.25296056270599365,0.025818898660819416,0.13837617933005797,0.08209753899543869,0.693831169810895,0.8428379852953455,0.7683345775531203,0.3598250342358572,0.4906070823127017,0.42521605827427944
0,0,full_bayesian_KORA_v3,KORA2453290,10,0.10964770582693781,1.0191465607502286,0.5832294876442511,0.4864690422889955,0.5348492649666233,0.10199403762817383,0.37488073110580444,0.23843738436698914,0.03047347638380016,0.09612516723680599,0.06329932181030308,0.6760543586173252,0.7855863300796692,0.7308203443484972,0.3532639175005627,0.44085574865823757,0.3970598330794001
0,0,full_bayesian_KORA_v3,KORA2459605,10,0.07331670401515794,1.1132317299265662,0.5794785751997694,0.5078995892753817,0.5436890822375755,0.060861919075250626,0.2109764963388443,0.1359192132949829,0.023999106721435345,0.08145119261492105,0.0527251496681782,0.7902433286926626,0.7387964065882672,0.7645198676404649,0.40712121770704895,0.4101237996015941,0.40862250865432154
0,0,full_bayesian_KORA_v3,KORA2460768,10,0.15138237488511888,1.037282163273014,0.5161816385327965,0.5483028369984891,0.5322422377656428,0.14908848702907562,0.30051663517951965,0.22480255365371704,0.041735824946742835,0.13103732181929664,0.08638657338301974,0.7468751410276154,0.8258136694199734,0.7863444052237945,0.39430548298717916,0.478425495619635,0.4363654893034071
0,0,full_bayesian_KORA_v3,KORA2460504,10,0.07755214772307446,1.0591467758503565,0.55407976258516,0.4996579630963771,0.5268688628407685,0.07020042091608047,0.3178246319293976,0.19401252269744873,0.02652206213593742,0.14288592456312033,0.08470399334952887,0.8265046921598075,0.8725698992712708,0.8495372957155392,0.42651337714787246,0.5077279119171956,0.467120644532534
0,0,full_bayesian_KORA_v3,KORA2453194,10,0.06837912289825879,1.1108870325091926,0.6375169421728782,0.45388025616522615,0.5456985991690522,0.03915826231241226,0.23267564177513123,0.13591694831848145,0.009044203360688678,0.10427988239787458,0.05666204287928163,0.4367205911744535,0.8328121559145425,0.6347663735444979,0.2228823972675711,0.4685460191562085,0.3457142082118898
0,0,full_bayesian_KORA_v3,KORA2452834,10,0.10835409421446099,1.0913088698132714,0.6126847739022792,0.47504826213782136,0.5438665180200503,0.0848224088549614,0.24308747053146362,0.1639549434185028,0.023761610520467692,0.12253098123280416,0.07314629587663593,0.723977562947878,0.8594958082474787,0.7917366855976784,0.3738695867341728,0.49101339474014144,0.4324414907371571
0,0,full_bayesian_KORA_v3,KORA2459123,10,0.040031565809050255,1.1563876296039615,0.6309579193146309,0.565341230057501,0.5981495746860659,0.040696825832128525,0.16681264340877533,0.10375473648309708,0.015281014412847996,0.12141736350893663,0.06834918896089232,0.6830745749708005,0.7973002523271344,0.7401874136489675,0.34917779469182425,0.4593588079180355,0.4042683013049299
0,0,full_bayesian_KORA_v3,KORA2453150,10,0.1491926346646783,1.173663290928571,0.5587455552903039,0.5150935361576541,0.536919545723979,0.02911338023841381,0.0832594707608223,0.05618642643094063,0.013095182110626285,0.06335139906557943,0.03822329058810286,0.6181710159248152,0.731284421159275,0.674727718542045,0.31563309901772074,0.39731791011242723,0.356475504565074
0,0,full_bayesian_KORA_v3,KORA2462345,10,0.06437003875439741,1.1325278682530886,0.6174430574853601,0.5368884474062359,0.577165752445798,0.03919375687837601,0.20814159512519836,0.12366767227649689,0.020776919735462026,0.11526787681237204,0.06802239827391703,0.9032378421621418,0.8016861639094549,0.8524620030357983,0.4620073809488019,0.4584770203609135,0.4602422006548577
0,0,full_bayesian_KORA_v3,KORA2460830,10,0.11760289740098842,1.1782565808052259,0.6169958249866122,0.5237028361932888,0.5703493305899505,0.044345200061798096,0.07953114062547684,0.061938170343637466,0.01653646302043536,0.07526543156094243,0.045900947290688894,0.6336894082939014,0.7599426210961164,0.6968160146950089,0.32511293565716837,0.41760402632852944,0.3713584809928489
0,0,full_bayesian_KORA_v3,KORA2459310,10,0.07047044545912018,1.1396924808636206,0.6370476440091798,0.49354650353567414,0.565297073772427,0.061127662658691406,0.1643768697977066,0.112752266228199,0.02413754398158349,0.0881654732103056,0.056151508595944546,0.7379101323381482,0.7311116070495969,0.7345108696938725,0.38102383815986585,0.40963854012995127,0.39533118914490856
0,0,full_bayesian_KORA_v3,KORA2459455,10,0.0801798536477964,1.172297720414667,0.595917525884325,0.5260840167783134,0.5610007713313192,0.03437928110361099,0.10155201703310013,0.06796564906835556,0.016783172911053537,0.06868550688748665,0.04273433989927009,0.6293497171624919,0.715673086486103,0.6725114018242975,0.32306644503677273,0.3921792966867948,0.3576228708617838
0,0,full_bayesian_KORA_v3,KORA2459763,10,0.09886041307713138,1.1611367966832122,0.6227011894266314,0.5385974988420565,0.580649344134344,0.07527828961610794,0.11067412048578262,0.09297620505094528,0.022725739854870766,0.07859856497423781,0.05066215241455429,0.5974394479411568,0.7045568508670642,0.6509981494041105,0.3100825938980138,0.391577707920651,0.3508301509093324
0,0,full_bayesian_KORA_v3,KORA2453620,10,0.09385229577736152,1.0738122263808,0.501420866196728,0.5262927922495892,0.5138568292231587,0.09086528420448303,0.25384628772735596,0.1723557859659195,0.027584744077674833,0.10435116236990191,0.06596795322378837,0.8143145476101303,0.8011356369743919,0.8077250922922612,0.4209496458439026,0.45274339967214694,0.4368465227580247
0,0,full_bayesian_KORA_v3,KORA2461392,10,0.06508833276418968,1.0688676911924238,0.6275559722329276,0.4933092910695644,0.560432631651246,0.14210273325443268,0.2569546401500702,0.19952869415283203,0.03856388535304778,0.14543583973815707,0.09199986254560243,0.8113531865320305,0.8530920708051146,0.8322226286685726,0.42495853594253913,0.49926395527163586,0.46211124560708744
0,0,full_bayesian_KORA_v3,KORA2453578,10,0.14781240855436892,1.0662962712042323,0.5158552206860175,0.5240400906391474,0.5199476556625824,0.06331174075603485,0.30153346061706543,0.18242260813713074,0.020598460782655016,0.12160116944222323,0.07109981511243912,0.840718646386774,0.8084280366638729,0.8245733415253234,0.4306585535847145,0.46501460305304804,0.4478365783188813
0,0,full_bayesian_KORA_v3,KORA2453524,10,0.1210133095754309,1.171634811066502,0.6543368415175456,0.5991286447464892,0.6267327431320173,0.06751358509063721,0.12436172366142273,0.09593765437602997,0.028025477945776506,0.10025348231260917,0.06413948012919284,0.703077772701032,0.7464426077046089,0.7247601902028205,0.36555162532340424,0.423348045008609,0.3944498351660066
0,0,full_bayesian_KORA_v3,KORA2452409,10,0.15529290361285458,1.1499022133735068,0.5972832458568028,0.5277441191500943,0.5625136825034486,0.047252021729946136,0.1503850817680359,0.09881855547428131,0.01654773273244367,0.08262722997978925,0.04958748135611646,0.5363647770614789,0.8344955442149885,0.6854301606382337,0.2764562548969613,0.45856138709738886,0.3675088209971751
0,0,full_bayesian_KORA_v3,KORA2460785,10,0.11381570705013813,1.1728917626684376,0.6153325352748396,0.4935753002444468,0.5544539177596431,0.04161664471030235,0.08755209296941757,0.06458436697721481,0.015864644462259766,0.10059594029062109,0.05823029237644043,0.5134367268736736,0.7392014824287222,0.6263191046511979,0.2646506856679667,0.41989871135967166,0.3422746985138192
0,0,full_bayesian_KORA_v3,KORA2460867,10,0.1012949944243389,1.0933395171772768,0.5849861404235572,0.4333534205387772,0.5091697804811672,0.06259431689977646,0.22946101427078247,0.14602766931056976,0.02464236464970441,0.11776300354242333,0.07120268409606387,0.7755078149635569,0.8550485087678206,0.8152781618656888,0.40007508980663065,0.48640575615512194,0.4432404229808763
0,0,full_bayesian_KORA_v3,KORA2453642,10,0.2279584452332567,1.11868714016782,0.6117936321890222,0.5455333797771281,0.5786635059830751,0.15761926770210266,0.13873745501041412,0.148178368806839,0.039139064402717166,0.07327755031531316,0.056208307359015164,0.5557183412954111,0.7131122975282551,0.6344153194118332,0.29742870284906414,0.3931949239217841,0.3453118133854241
0,0,full_bayesian_KORA_v3,KORA2459972,10,0.12297448072400669,1.112732558390638,0.6126603517292344,0.4960077557378299,0.5543340537335322,0.0611642450094223,0.22232969105243683,0.14174696803092957,0.021647980044961358,0.11460045476480005,0.0681242174048807,0.6585449041277687,0.833890723178557,0.7462178136531628,0.340096442086365,0.4742455889716785,0.40717101552902174
0,0,full_bayesian_KORA_v3,KORA2456202,10,0.07382365123253157,1.1000855300314263,0.5601544907927538,0.5357169888737955,0.5479357398332747,0.10356980562210083,0.2089606374502182,0.1562652289867401,0.03205202333948318,0.11988944362477853,0.07597073348213085,0.7569903372419204,0.7949479009026377,0.7759691190722791,0.3945211802907018,0.4574186722637081,0.425969926277205
0,0,full_bayesian_KORA_v3,KORA2455946,10,0.06366927194255273,1.0863345306635215,0.589009070328337,0.5667266304590842,0.5778678503937107,0.10752151906490326,0.2640434503555298,0.18578249216079712,0.029206724042523075,0.11451639873618516,0.07186156138935412,0.7691053559474865,0.845057758457599,0.8070815572025427,0.3991560399950048,0.47978707859689207,0.43947155929594844
0,0,full_bayesian_KORA_v3,KORA2456917,10,0.14438904750554168,1.1975919013729648,0.6538932750449171,0.5486421560316072,0.6012677155382622,0.04738359898328781,0.053811125457286835,0.05059736222028732,0.023743260178477117,0.09670024893704475,0.06022175455776094,0.5987831823862,0.7211996011293218,0.6599913917577609,0.3112632212823386,0.4089499250331833,0.3601065731577609
0,0,full_bayesian_KORA_v3,KORA2452426,10,0.09948749070165991,1.1081424312664603,0.5913430886217674,0.5232690077853238,0.5573060482035457,0.12516742944717407,0.17497870326042175,0.1500730663537979,0.03842332593661441,0.11150103029206232,0.07496217811433836,0.7301150934410359,0.7666737180725307,0.7483944057567833,0.38426920968882516,0.4390873741822965,0.4116782919355608
0,0,full_bayesian_KORA_v3,KORA2461184,10,0.1436614147445191,1.1438846507889457,0.6110296493709108,0.5527638262758182,0.5818967378233645,0.044561225920915604,0.18084610998630524,0.11270366609096527,0.018169073308782438,0.09842246265594608,0.05829576798236426,0.7198823586914476,0.8018984155155761,0.7608903871035118,0.369025716000115,0.4501604390857611,0.409593077542938
0,0,full_bayesian_KORA_v3,KORA2456379,10,0.04492918037450839,1.1517029044478462,0.5834259971152441,0.5767737147328209,0.5800998559240325,0.06592664867639542,0.1430976837873459,0.10451216995716095,0.026273300634529744,0.10562068626504664,0.06594699344978819,0.8537962485099927,0.7862139909303528,0.8200051197201728,0.4400347745722612,0.4459173385976997,0.44297605658498046
0,0,full_bayesian_KORA_v3,KORA2456241,10,0.058750716899759865,1.1807967309520757,0.6344457785965858,0.5844454956319616,0.6094456371142737,0.06306004524230957,0.0937679260969162,0.07841398566961288,0.025989346362190042,0.09104868254460333,0.05851901445339668,0.6616829441008546,0.7597808294791228,0.7107318867899888,0.34383614523152234,0.42541475601186307,0.38462545062169273
0,0,full_bayesian_KORA_v3,KORA2456793,10,0.15237526808148041,1.1827061132310774,0.5943338913802618,0.4953132250580046,0.5448235582191332,0.0282555241137743,0.0653970018029213,0.04682626202702522,0.014235453491794793,0.10331903603496703,0.05877724476338091,0.6570224940604661,0.7863247919969977,0.7216736430287318,0.33562897377613043,0.44482191401598237,0.3902254438960564
0,0,full_bayesian_KORA_v3,KORA2452263,10,0.0459891004978576,1.0923120190197104,0.5841342095743398,0.5061026012592993,0.5451184054168196,0.08747813105583191,0.24343346059322357,0.16545578837394714,0.03261579567738822,0.16235600505897815,0.09748590036818319,0.8532514995908104,0.8620687566515649,0.8576601281211876,0.4429336476340993,0.5122123808552715,0.4775730142446854
0,0,full_bayesian_KORA_v3,KORA2460633,10,0.15112522667729783,1.0162647459537855,0.5740141150578252,0.5634890893314122,0.5687516021946186,0.10427416115999222,0.40321606397628784,0.25374510884284973,0.046489515877396685,0.12101462487476435,0.08375207037608051,0.8315494107633429,0.7947162978723583,0.8131328543178507,0.4390194633203698,0.4578654613735613,0.44844246234696555
0,0,full_bayesian_KORA_v3,KORA2452316,10,0.1073304659104836,1.1674750143837005,0.6094947438689486,0.5159632709978667,0.5627290074334077,0.0259248074144125,0.124189093708992,0.07505694776773453,0.012809993359862467,0.09662035151194616,0.05471517243590431,0.5693796304139511,0.7852547404919493,0.6773171854529503,0.2910948118869068,0.44093754600194773,0.36601617894442723
0,0,full_bayesian_KORA_v3,KORA2453844,10,0.10123664123362772,1.156375165823015,0.6294263339449335,0.5004608833176023,0.5649436086312679,0.031128861010074615,0.1441773623228073,0.08765311539173126,0.014296764088141558,0.0951634028546579,0.054730083471399724,0.712395339142442,0.8124439826825116,0.7624196609124768,0.36334605161529177,0.45380369276858473,0.4085748721919383
0,0,full_bayesian_KORA_v3,KORA2462093,10,0.05043742224380317,1.1699247553089314,0.6420956958437317,0.5388451593277055,0.5904704275857187,0.03668220341205597,0.12794145941734314,0.08231183141469955,0.007897544208251478,0.11438354870852753,0.061140546458389504,0.3263176509189326,0.7521829539740342,0.5392503024464834,0.16710759756359206,0.4332832513412809,0.3001954244524365
0,0,full_bayesian_KORA_v3,KORA2459752,10,0.08138004965597442,1.0784887191224097,0.6172657231664572,0.4491389600659177,0.5332023416161875,0.13348962366580963,0.21949465572834015,0.1764921396970749,0.036031650522528894,0.12915442540963123,0.08259303796608006,0.7290229096010984,0.8348125500369946,0.7819177298190465,0.38252728006181363,0.4819834877233129,0.4322553838925633
0,0,full_bayesian_KORA_v3,KORA2453470,10,0.10500565421417812,1.1371599711773994,0.7468227740534416,0.5274959103855448,0.6371593422194932,0.14580264687538147,0.14361374080181122,0.14470818638801575,0.03130622524362016,0.13718330225171654,0.08424476374766834,0.597186116606396,0.8124222397650221,0.7048041781857091,0.31424617092500806,0.4748027710083693,0.3945244709666887
0,0,full_bayesian_KORA_v3,KORA2459477,10,0.10983460289857003,1.1209333487638826,0.6204636121406988,0.49341039393378955,0.5569370030372441,0.08211702853441238,0.18526124954223633,0.13368913531303406,0.022263790438686638,0.10955924301681251,0.06591151672774957,0.6933268011535155,0.8322019156621808,0.7627643584078482,0.3577952957961011,0.4708805793394967,0.41433793756779885
0,0,full_bayesian_KORA_v3,KORA2453306,10,0.1491367399158304,1.0722718685372574,0.6178625826027512,0.5628605371074786,0.5903615598551148,0.07730445265769958,0.32529306411743164,0.2012987583875656,0.02621582166290174,0.09878788622083948,0.0625018539418706,0.7941677387197811,0.7548615442030792,0.7745146414614301,0.4101917801913414,0.4268247152119593,0.4185082477016504
0,0,full_bayesian_KORA_v3,KORA2461409,10,0.17813827090502388,1.087948427961376,0.5872285669026844,0.49325226681661627,0.5402404168596504,0.056701213121414185,0.27376821637153625,0.16523471474647522,0.020164230625719096,0.1279046434421285,0.0740344370339238,0.6968949730923709,0.7910701264307501,0.7439825497615605,0.35852960185904503,0.4594873849364393,0.40900849339774215
0,0,full_bayesian_KORA_v3,KORA2460779,10,0.2510469433234776,1.1517843891179176,0.6350346616455246,0.4320787787735931,0.5335567202095588,0.06593352556228638,0.1005038246512413,0.08321867883205414,0.01805741750862925,0.1221993979713459,0.07012840773998757,0.4842204041157932,0.7820905302614923,0.6331554671886428,0.25113891081221124,0.45214496411641913,0.35164193746431516
0,0,full_bayesian_KORA_v3,KORA2460309,10,0.10378674356377404,1.1637852359593568,0.6477094802767817,0.5255231218377827,0.5866163010572822,0.01653953455388546,0.16064946353435516,0.08859449625015259,0.009423274125201404,0.11935980491474624,0.06439153951997383,0.6098990270092594,0.8260912050274378,0.7179951160183486,0.30966115056723037,0.472725504971092,0.39119332776916116
0,0,full_bayesian_KORA_v3,KORA2456340,10,0.07972537056612865,1.1609788663586147,0.6651239469686507,0.5321949534833212,0.598659450225986,0.05543111637234688,0.13944469392299652,0.09743790328502655,0.01681448472871997,0.09410374335227059,0.05545911404049528,0.5427181360820228,0.7401262603798636,0.6414221982309432,0.27976631040537137,0.4171150018660671,0.34844065613571923
0,0,full_bayesian_KORA_v3,KORA2461206,10,0.08770311637425231,1.1436760211540373,0.5769123474628403,0.5594756260542117,0.568193986758526,0.05622614547610283,0.16461268067359924,0.11041941493749619,0.01662910369667046,0.05831457942730679,0.03747184156198863,0.5433337621434073,0.7314681077704898,0.6374009349569485,0.2799814329200389,0.39489134359889827,0.3374363882594686
0,0,full_bayesian_KORA_v3,KORA2460824,10,0.10113106969376555,1.0921852621585622,0.6123165160253247,0.5798956278571744,0.5961060719412495,0.07668560743331909,0.28840401768684387,0.18254481256008148,0.022814123159283942,0.0766323987938958,0.04972326097658987,0.6301476647696337,0.7612728904467438,0.6957102776081887,0.32648089396445884,0.41895264462031984,0.3727167692923893
0,0,full_bayesian_KORA_v3,KORA2461956,10,0.13467069928081177,1.1449233004113326,0.656273156376614,0.5210591262164086,0.5886661412965113,0.06596329063177109,0.16615472733974457,0.11605900526046753,0.024365532279515902,0.13645412875965102,0.08040983051958346,0.6375021915850851,0.809570049977117,0.7235361207811011,0.3309338619323005,0.473012089368384,0.4019729756503423
0,0,full_bayesian_KORA_v3,KORA2459908,10,0.20043828367573183,1.1394193837014672,0.5957820179162598,0.5074955503770712,0.5516387841466655,0.043758418411016464,0.1700582504272461,0.10690833628177643,0.021566207173718332,0.07215351863662406,0.0468598629051712,0.9244989227096453,0.6813210584651334,0.8029099905873893,0.47303256494168183,0.37673728855087874,0.42488492674628026
0,0,full_bayesian_KORA_v3,KORA2452924,10,0.1245262182076837,1.1616709011021977,0.5851847529171148,0.4759093752471617,0.5305470640821383,0.053767699748277664,0.08667722344398499,0.07022245973348618,0.01656421591883834,0.07587180379336513,0.046218009856101736,0.5957141217742208,0.7529450760629718,0.6743295989185962,0.3061391688465296,0.41440843992816845,0.3602738043873491
0,0,full_bayesian_KORA_v3,KORA2459947,10,0.20069391852711876,1.1716231087867377,0.593256184165275,0.500276269052228,0.5467662266087515,0.04005590081214905,0.08802367001771927,0.06403978168964386,0.014542666774927661,0.10243195858969306,0.05848731268231036,0.5504900127939468,0.7097771936632903,0.6301336032286186,0.28251633978443724,0.40610457612649165,0.34431045795546444
0,0,full_bayesian_KORA_v3,KORA2453464,10,0.10846701874633342,1.1482102194966033,0.6207811738146565,0.4958118404240216,0.5582965071193391,0.03907402977347374,0.15760865807533264,0.09834134578704834,0.019666239497379594,0.10652125046000496,0.06309374497869227,0.6333254572178104,0.816196466393989,0.7247609618058997,0.326495848357595,0.461358858426997,0.393927353392296
0,0,full_bayesian_KORA_v3,KORA2460216,10,0.12046346736239251,1.0082621628503188,0.5835330782205651,0.49540190297989584,0.5394674906002305,0.11351054161787033,0.3917987644672394,0.25265464186668396,0.03812257063675314,0.15624378619945806,0.0971831784181056,0.7696339482266057,0.8090317979381159,0.7893328730823608,0.40387825943167943,0.482637792068787,0.4432580257502332
0,0,full_bayesian_KORA_v3,KORA2461493,10,0.049136017043341175,1.1198010610076445,0.6296030708229636,0.5030273620370612,0.5663152164300125,0.10805890709161758,0.1695212423801422,0.1387900710105896,0.028223033960130546,0.12431970913639041,0.07627137154826048,0.6076180220275197,0.7917153363298881,0.6996666791787038,0.31792052799382514,0.4580175227331393,0.3879690253634822
0,0,full_bayesian_KORA_v3,KORA2453374,10,0.1025579062049042,1.0847024545924149,0.5790362286340759,0.4802116512992456,0.5296239399666607,0.059755560010671616,0.26891055703163147,0.1643330603837967,0.016025293717184037,0.12552235223137795,0.07077382297428099,0.5556481693718391,0.83717922062936,0.6964136950005996,0.2858367315445116,0.481350786430369,0.3835937589874403
0,0,full_bayesian_KORA_v3,KORA2452687,10,0.1342504900064396,1.1033913803283983,0.5913599659931951,0.5724162001798827,0.5818880830865389,0.0606561116874218,0.26666200160980225,0.16365905106067657,0.013838201991174973,0.08554120163382598,0.04968970181250047,0.5158275572870511,0.7637238548001006,0.6397757060435758,0.26483287963911306,0.4246325282169633,0.3447327039280382
0,0,full_bayesian_KORA_v3,KORA2460315,10,0.12666897346103242,1.0708429423050507,0.5973485381917266,0.4475312117740714,0.522439874982899,0.039427127689123154,0.3091317117214203,0.17427942156791687,0.01360256614237057,0.13337006893066689,0.07348631753651873,0.6674954535607361,0.8769016484630938,0.7721985510119149,0.34054900985155334,0.5051358586968804,0.42284243427421686
0,0,full_bayesian_KORA_v3,KORA2461146,10,0.08972241021492193,1.1038951891719342,0.6091381359665528,0.4923971135395806,0.5507676247530666,0.06335172057151794,0.23821388185024261,0.15078279376029968,0.021912354233369548,0.11351794217299352,0.06771514820318153,0.7512905281385517,0.749969868848757,0.7506301984936543,0.3866014411859606,0.43174390551087527,0.40917267334841795
0,0,full_bayesian_KORA_v3,KORA2460249,10,0.07835298561636421,1.1062031056276354,0.5474025430317819,0.5148632214757365,0.5311328822537592,0.025778377428650856,0.2509184181690216,0.13834840059280396,0.012250958566450183,0.09106729816176591,0.05165912836410805,0.6937236032298972,0.7943951878315392,0.7440593955307182,0.3529872808981737,0.44273124299665256,0.3978592619474131
0,0,full_bayesian_KORA_v3,KORA2452941,10,0.07435415745337134,1.1493258045184542,0.6710237431590642,0.49275380215895237,0.5818887726590083,0.04273378103971481,0.1672934889793396,0.1050136387348175,0.014941472389802283,0.11512416220481009,0.06503281729730619,0.528457796240442,0.8361633861308208,0.6823105911856313,0.2716996343151221,0.47564377416781545,0.3736717042414687
0,0,full_bayesian_KORA_v3,KORA2453732,10,0.20313914972327485,1.1519589520619293,0.5921516879704145,0.4638653633009713,0.5280085256356929,0.04808301851153374,0.11611206084489822,0.08209753781557083,0.017317886791551922,0.1287745250714961,0.073046205931524,0.6148507491614954,0.8176207576210164,0.7162357533912559,0.31608431797652364,0.47319764134625625,0.3946409796613899
0,0,full_bayesian_KORA_v3,KORA2452338,10,0.12488567256705468,1.1739653596702504,0.6239092495636999,0.4906509634003448,0.5572801064820223,0.05112520977854729,0.07745669037103653,0.06429094821214676,0.020763400287590168,0.10989322939052533,0.06532831483905775,0.678980659416519,0.793628294212388,0.7363044768144535,0.34987202985205457,0.4517607618014567,0.4008163958267556
0,0,full_bayesian_KORA_v3,KORA2453363,10,0.11518159177711662,1.1434263830202172,0.6882119172123597,0.43282765981645277,0.5605197885144062,0.07422787696123123,0.13440823554992676,0.1043180525302887,0.023401771526411763,0.11426819295494924,0.06883498224068049,0.6014539508820173,0.8301301755009993,0.7157920631915082,0.3124278612042145,0.4721991842279743,0.3923135227160944
0,0,full_bayesian_KORA_v3,KORA2453833,10,0.14303169184336934,1.1490350067596036,0.6060067411584172,0.4728393168976954,0.5394230290280564,0.01724962703883648,0.1576661765575409,0.08745790272951126,0.006711099049949006,0.08330059500714412,0.04500584702854656,0.48702518373094145,0.7429026989993174,0.6149639413651294,0.24686814139044522,0.41310164700323077,0.329984894196838
0,0,full_bayesian_KORA_v3,KORA2459526,10,0.07338591256184657,1.1437333323024959,0.6371943064509439,0.5153073746276933,0.5762508405393185,0.0617896132171154,0.1597771793603897,0.1107833981513977,0.02044851095983867,0.09514065085643422,0.057794580908136446,0.6204959569991184,0.7636737322356073,0.6920848446173629,0.32047223397947855,0.42940719154602075,0.3749397127627497
0,0,full_bayesian_KORA_v3,KORA2459983,10,0.12527919286048161,1.1002756419723654,0.5617987326318238,0.6536670019235533,0.6077328672776885,0.06639634817838669,0.2844870388507843,0.1754416972398758,0.027906327493571883,0.09941815891195781,0.06366224320276484,0.7305974452854008,0.7334864103483182,0.7320419278168595,0.37925188638948637,0.416452284630138,0.3978520855098122
0,0,full_bayesian_KORA_v3,KORA2461632,10,0.05680413710603368,1.1471434487151932,0.5738104621743205,0.6009056799410674,0.587358071057694,0.07217592746019363,0.15308690071105957,0.1126314103603363,0.02337458652150101,0.09435220855312602,0.05886339753731352,0.6785031697843262,0.7326225020417795,0.7055628359130528,0.35093887815291364,0.41348735529745273,0.3822131167251832
0,0,full_bayesian_KORA_v3,KORA2459548,10,0.10418353478351738,1.0979128552272597,0.6195137121768052,0.4425733846009566,0.5310435483888809,0.0904303565621376,0.20921210944652557,0.1498212367296219,0.031450446248742686,0.10681065431480996,0.06913055028177632,0.7822442434301702,0.8296640117137561,0.8059541275719632,0.40684734483945645,0.46823733301428305,0.4375423389268697
0,0,full_bayesian_KORA_v3,KORA2462150,10,0.23614415018397045,1.1032639023570248,0.5542218846023088,0.48681537112207074,0.5205186278621898,0.04523220658302307,0.23268339037895203,0.13895779848098755,0.024636300061643277,0.09099350803333353,0.0578149040474884,0.8523462737023665,0.7483164482276486,0.8003313609650076,0.4384912868820049,0.4196549781304911,0.42907313250624796
0,0,full_bayesian_KORA_v3,KORA2461520,10,0.1542335897219255,1.1488933092677756,0.6451209766418802,0.46189303564262524,0.5535070061422527,0.046190474182367325,0.14306792616844177,0.0946291983127594,0.022224791691883333,0.11823194547061684,0.07022836858125009,0.7425299488252828,0.8574595595112124,0.7999947541682476,0.38237737025858304,0.48784575249091466,0.4351115613747489
0,0,full_bayesian_KORA_v3,KORA2459807,10,0.05174611763782952,1.0922495898139628,0.641421594180815,0.49430546741925785,0.5678635308000364,0.09065032005310059,0.25590410828590393,0.17327721416950226,0.025251678276903465,0.13470438875485788,0.07997803351588068,0.6633355861871313,0.8409366872762684,0.7521361367316999,0.34429363223201737,0.48782053801556313,0.41605708512379025
0,0,full_bayesian_KORA_v3,KORA2462374,10,0.13121537969505337,1.1392334459058135,0.6560084058212161,0.4784506695282196,0.5672295376747178,0.05179092660546303,0.17339977622032166,0.11259534955024719,0.021583720637625942,0.12812731914258954,0.07485551989010775,0.7000392077639407,0.8356162072352656,0.7678277074996032,0.3608114642007833,0.4818717631889276,0.42134161369485545
0,0,full_bayesian_KORA_v3,KORA2458040,10,0.1656901998389681,1.1482704191673476,0.62437128626301,0.4517179489457738,0.5380446176043918,0.0315641313791275,0.14054712653160095,0.08605562895536423,0.01449032079132586,0.08806277281582726,0.05127654680357656,0.7402184722301508,0.7552984604833015,0.7477584663567262,0.3773543965107383,0.4216806166495644,0.39951750658015134
0,0,full_bayesian_KORA_v3,KORA2456661,10,0.14296424932220905,1.0944613127949627,0.572215695724642,0.612367767369874,0.592291731547258,0.08120157569646835,0.2790454924106598,0.18012353777885437,0.02117139634327896,0.08560836633834144,0.0533898813408102,0.6020418696271919,0.7431040364013131,0.6725729530142525,0.3116066329852354,0.41435620136982726,0.3629814171775313
0,0,full_bayesian_KORA_v3,KORA2452659,10,0.1254379544210803,1.1451165418966371,0.6995604527623833,0.5394723558627218,0.6195164043125525,0.06403908878564835,0.18717221915721893,0.12560565769672394,0.021024768261179622,0.10622614423508529,0.06362545624813246,0.7212954578673163,0.7669958634914056,0.7441456606793609,0.37116011306424795,0.4366110038632454,0.4038855584637467
0,0,full_bayesian_KORA_v3,KORA2458366,10,0.09743779637225712,1.1245563354548227,0.5919577536042727,0.575629963821932,0.5837938587131024,0.042561355978250504,0.23167413473129272,0.13711774349212646,0.01532800665638837,0.09590642451526896,0.05561721558582866,0.7185003827807732,0.7512167755771388,0.734858579178956,0.3669141947185808,0.4235616000462039,0.39523789738239234
0,0,full_bayesian_KORA_v3,KORA2452801,10,0.07574477312758228,1.0716435203740104,0.5902703031745197,0.5106218478789586,0.5504460755267391,0.14541560411453247,0.24069435894489288,0.19305497407913208,0.04236982171013793,0.14615832309508536,0.09426407240261164,0.704602625244829,0.840553285657014,0.7725779554509216,0.37348622347748345,0.4933558043760497,0.4334210139267666
0,0,full_bayesian_KORA_v3,KORA2453811,10,0.1392899033984367,1.026090577133766,0.5657232745624959,0.49197318978458127,0.5288482321735386,0.07952818274497986,0.3778547942638397,0.2286914885044098,0.027561989913803767,0.14092283014923426,0.08424241003151901,0.6952620340304888,0.8470646481436703,0.7711633410870795,0.3614120119721463,0.4939937391464523,0.42770287555929926
0,0,full_bayesian_KORA_v3,KORA2456672,10,0.08566779582983917,1.1597316759079326,0.6891134635183555,0.5355398577647176,0.6123266606415365,0.06778094172477722,0.14205290377140045,0.10491692274808884,0.021168259014247848,0.08241262730786256,0.0517904431610552,0.6373099199131576,0.7035984500774404,0.670454184995299,0.3292390894637027,0.3930055386926515,0.3611223140781771
0,0,full_bayesian_KORA_v3,KORA2457266,10,0.06909950638324405,1.1107531835815379,0.6515687270976542,0.5200524283488077,0.585810577723231,0.07819188386201859,0.23175157606601715,0.15497173368930817,0.027090692571308646,0.08645994151972713,0.05677531704551789,0.6957130012566092,0.7625773821196344,0.7291451916881218,0.36140184691395894,0.4245186618196808,0.39296025436681986
0,0,full_bayesian_KORA_v3,KORA2457044,10,0.09187409976111854,1.1072283927526474,0.6140650962760239,0.5115256732311433,0.5627953847535836,0.09126671403646469,0.21281853318214417,0.15204262733459473,0.02728715762568356,0.13162108037854514,0.07945411900211435,0.7983589580652114,0.7716293825046683,0.7849941702849399,0.4128230578454475,0.4516252314416067,0.4322241446435271
0,0,full_bayesian_KORA_v3,KORA2453765,10,0.04933195238790417,1.1371480384805128,0.6061997514832828,0.5876405813358202,0.5969201664095515,0.07127397507429123,0.18562209606170654,0.12844803929328918,0.023632841714010294,0.0881442777045653,0.0558885597092878,0.7941643113721135,0.8015633263045361,0.7978638188383248,0.4088985765430619,0.4448538020045507,0.42687618927380633
0,0,full_bayesian_KORA_v3,KORA2458402,10,0.08309164824406172,1.096399240358513,0.5690140512178116,0.5089818794401805,0.538997965328996,0.08678087592124939,0.22591151297092438,0.15634620189666748,0.0280606289195581,0.11654339780909259,0.07230201336432535,0.6999069298644548,0.7582823782161927,0.7290946540403238,0.36398377939200643,0.43741288801264266,0.40069833370232455
0,0,full_bayesian_KORA_v3,KORA2461349,10,0.07283866581134216,1.1144909478407845,0.6207141335983531,0.523329179841399,0.5720216567198761,0.08193709701299667,0.21229776740074158,0.14711743593215942,0.021082698299375004,0.09697542120955904,0.059029059754467025,0.6566944706869935,0.7706973737830538,0.7136959222350236,0.33888858449318426,0.4338363974963064,0.38636249099474534
0,0,full_bayesian_KORA_v3,KORA2455525,10,0.030132346935468814,1.1341861957357335,0.6067829076817651,0.5605230404726559,0.5836529740772105,0.05956094712018967,0.1947600394487381,0.12716048955917358,0.02117208304710844,0.10470952581470566,0.06294080443090705,0.6998115321208258,0.7433096235049291,0.7215605778128775,0.36049180758396715,0.42400957465981737,0.39225069112189226
0,0,full_bayesian_KORA_v3,KORA2455296,10,0.06058901088054734,1.2062757015242358,0.7426329040535535,0.5878768090778667,0.6652548565657102,0.027843846008181572,0.0982731506228447,0.06305849552154541,0.015070228966962059,0.06096113346799638,0.03801568121747922,0.6508989353229917,0.544723728741252,0.5978113320321219,0.3329845821449769,0.30284243110462417,0.31791350662480056
0,0,full_bayesian_KORA_v3,KORA2458158,10,0.022766824039965126,1.1140268185200606,0.5827120161109868,0.4929656187530458,0.5378388174320163,0.06618957221508026,0.20025673508644104,0.13322314620018005,0.022119650924521173,0.11237955925622375,0.06724960509037246,0.7191285326842162,0.7899297425035405,0.7545291375938783,0.37062409180436867,0.45115465087988216,0.41088937134212544
0,0,full_bayesian_KORA_v3,KORA2460447,10,0.006286609706639959,1.0933263149697132,0.5573605499198673,0.5651176806517073,0.5612391152857873,0.14583805203437805,0.19589826464653015,0.1708681583404541,0.03984819809868998,0.11210012049974392,0.07597415929921696,0.7726126787559489,0.7947736965997868,0.7836931876778679,0.40623043842731943,0.45343690854976537,0.4298336734885424
0,0,full_bayesian_KORA_v3,KORA2455753,10,0.09575483081277902,1.1078280518281645,0.6169360004709158,0.4500592987520454,0.5334976496114806,0.08585416525602341,0.19056224822998047,0.13820821046829224,0.023479903039474684,0.11774552397371242,0.07061271350659355,0.6732007804147754,0.833442884851081,0.7533218326329282,0.348340341727125,0.4755942044123967,0.41196727306976083
0,0,full_bayesian_KORA_v3,KORA2455935,10,0.1470107950357043,1.1705300124561764,0.5697245434042941,0.605260032070952,0.5874922877376231,0.014113438315689564,0.1465591937303543,0.0803363174200058,0.006845785467380702,0.09098214194523768,0.04891396370630919,0.29191855206855766,0.698492694555935,0.4952056233122463,0.14938216876796917,0.39473741825058634,0.2720597935092778
0,0,full_bayesian_KORA_v3,KORA2456562,10,0.1774159731370992,0.969821228130551,0.5314480697407128,0.5384739297600414,0.534960999750377,0.11179012060165405,0.4639071524143219,0.28784865140914917,0.033326803204479484,0.10411054695001253,0.06871867507724601,0.7880349476915938,0.6314736866540469,0.7097543171728203,0.4106808754480366,0.3677921168020297,0.38923649612503314
0,0,full_bayesian_KORA_v3,KORA2458197,10,0.002120723028846132,1.0452676706289954,0.5972835639390864,0.4919128931367407,0.5445982285379136,0.10474702715873718,0.32716962695121765,0.21595832705497742,0.03255354887993905,0.11847481684783465,0.07551418286388685,0.8529747174594852,0.7922478224200024,0.8226112699397438,0.4427641331697121,0.4553613196339185,0.4490627264018153
0,0,full_bayesian_KORA_v3,KORA2458707,10,0.13064496109924492,1.0748734399540214,0.5689617904293173,0.4915137065825275,0.5302377485059224,0.05727114528417587,0.2910829484462738,0.17417705059051514,0.020942905058865077,0.12715236427104995,0.0740476346649575,0.7332666929700732,0.80497650114945,0.7691215970597616,0.37710479901446914,0.46606443271024994,0.4215846158623595
0,0,full_bayesian_KORA_v3,KORA2455951,10,0.1922266781611389,1.132621360988043,0.762684504010773,0.5735308035095853,0.6681076537601791,0.05161377042531967,0.26396653056144714,0.1577901542186737,0.017937179871204637,0.054411629710720825,0.03617440479096273,0.5621215324506185,0.6004414536890281,0.5812814930698234,0.2900293561609116,0.32742654169987445,0.308727948930393
0,0,full_bayesian_KORA_v3,KORA2460889,10,0.05379540250934679,1.126302623409695,0.6060049525868886,0.5259634403015756,0.565984196444232,0.07775692641735077,0.18255072832107544,0.1301538348197937,0.03029784658171012,0.10428029007169844,0.06728906832670428,0.7894591841131016,0.7115006014225391,0.7504798927678203,0.4098785153474058,0.4078904457471188,0.4088844805472623
0,0,full_bayesian_KORA_v3,KORA2460472,10,0.11729424313599027,1.0186455249606117,0.5909990547406809,0.5072177403295113,0.5491083975350961,0.09752397239208221,0.39631783962249756,0.24692091345787048,0.027057780002510835,0.1486128076106222,0.08783529380656652,0.700799173710913,0.8345636173224286,0.7676813955166708,0.3639284768567119,0.4915882124665254,0.4277583446616186
0,0,full_bayesian_KORA_v3,KORA2456385,10,0.09076523888035305,1.1713273082985767,0.598084542268128,0.5701989765245825,0.5841417593963553,0.049319565296173096,0.10957947373390198,0.07944951951503754,0.018930939859977926,0.07254948315457402,0.045740211507275974,0.5688969608922425,0.6449208226473669,0.6069088917698047,0.29391395037611023,0.35873515290097047,0.32632455163854035
0,0,full_bayesian_KORA_v3,KORA2455042,10,0.10033749098102879,1.1439562246967054,0.5819520485536126,0.5112824682970019,0.5466172584253073,0.07126882672309875,0.1331769824028015,0.10222290456295013,0.013541145963531426,0.06605913692059615,0.039800141442063786,0.35578107236049944,0.6259887774612307,0.4908849249108651,0.18466110916201545,0.34602395719091344,0.26534253317646445
0,0,full_bayesian_KORA_v3,KORA2452665,10,0.0778470600417499,1.1167558337504238,0.6113972215232162,0.49340860595903485,0.5524029137411255,0.07493030279874802,0.1957027167081833,0.13531650602817535,0.027597047976177222,0.12588143692320777,0.07673924244969249,0.8488709853987269,0.7873898559168497,0.8181304206577883,0.43823401668745204,0.45663564642002874,0.44743483155374036
0,0,full_bayesian_KORA_v3,KORA2452190,10,0.1128827275567946,1.161015975388354,0.6169481696837388,0.5129683748370721,0.5649582722604054,0.039206214249134064,0.12660203874111176,0.08290413022041321,0.01582244307537465,0.08093529756185634,0.0483788703186155,0.7116215332341154,0.7013325354480117,0.7064770343410636,0.363721988154745,0.391133916504934,0.3774279523298395
0,0,full_bayesian_KORA_v3,KORA2462161,10,0.10138588555689373,1.145735713717452,0.5832147457927681,0.5501140272892427,0.5666643865410055,0.06821388006210327,0.1472436636686325,0.10772877186536789,0.0259433604972405,0.09018016100805995,0.058061760752650224,0.7586563863930913,0.7277961859082517,0.7432262861506715,0.3922998734451659,0.4089881734581558,0.40064402345166084
0,0,full_bayesian_KORA_v3,KORA2461151,10,0.04435219559939974,1.1370894755211816,0.60727776332614,0.5687247445624987,0.5880012539443193,0.08246953785419464,0.171571746468544,0.12702064216136932,0.026038865785218527,0.10210857175466038,0.06407371876993946,0.7334168401449627,0.7552102615765944,0.7443135508607785,0.3797278529650906,0.4286594166656274,0.40419363481535897
0,0,full_bayesian_KORA_v3,KORA2459681,10,0.1623417157994436,1.1621999495680089,0.6229237159084443,0.5022928179569486,0.5626082669326964,0.05457953363656998,0.11082088202238083,0.0827002078294754,0.014247589485757484,0.1072793760556795,0.06076348277071849,0.6084904087775261,0.8136927204147095,0.7110915645961178,0.3113689991316418,0.4604860482351945,0.3859275236834182
0,0,full_bayesian_KORA_v3,KORA2458068,10,0.06349354632090619,1.1432232300282354,0.62153762968101,0.5093062173643951,0.5654219235227025,0.047617293894290924,0.16730478405952454,0.10746103525161743,0.01569201976975342,0.09710689161701361,0.05639945569338351,0.6693444162346798,0.7271576243054603,0.69825102027007,0.3425182180022166,0.4121322579612369,0.3773252379817268
0,0,full_bayesian_KORA_v3,KORA2457401,10,0.07747613619264607,1.0840903932451642,0.5633034426537907,0.5152346458512806,0.5392690442525356,0.08832406997680664,0.25378307700157166,0.17105357348918915,0.023582194469401678,0.08600064486682715,0.05479141966811442,0.7584671069681481,0.7817093125483898,0.770088209758269,0.3910246507187749,0.4338549787076085,0.4124398147131917
0,0,full_bayesian_KORA_v3,KORA2461555,10,0.07401215414877654,1.069840523809479,0.5629715053287586,0.5012520052933159,0.5321117553110373,0.13102613389492035,0.24939832091331482,0.190212219953537,0.04375886155902266,0.14563908454794655,0.0946989730534846,0.8816094053162354,0.8822760135288688,0.881942709422552,0.46268413343762904,0.5139575490384076,0.48832084123801833
0,0,full_bayesian_KORA_v3,KORA2459745,10,0.09161365440825546,1.1133069156860693,0.5929191816322644,0.5254633042610382,0.5591912429466512,0.08056941628456116,0.20653800666332245,0.1435537040233612,0.028068585720070652,0.07864086434283826,0.053354725031454456,0.8022331463660819,0.6072372425566306,0.7047351944613562,0.41515086604307627,0.3429390534497344,0.37904495974640534
0,0,full_bayesian_KORA_v3,KORA2453037,10,0.20366846474826425,1.0450225727401055,0.5773871822358669,0.5222343071942737,0.5498107447150703,0.07848978787660599,0.35495102405548096,0.21672040224075317,0.022756778959771455,0.10058241245123635,0.0616695957055039,0.7621017907511209,0.7228850319415236,0.7424934113463223,0.3924292848554462,0.41173372219638,0.4020815035259131
0,0,full_bayesian_KORA_v3,KORA2458265,10,0.08820302686131644,1.165189437693205,0.7175661011054687,0.5958656164455978,0.6567158587755333,0.08805549144744873,0.14345242083072662,0.11575395613908768,0.022099291979823642,0.09889070490815388,0.060494998443988764,0.6310282807289889,0.8216359795061197,0.7263321301175543,0.32656378635440625,0.46026334220713677,0.39341356428077157
0,0,full_bayesian_KORA_v3,KORA2457517,10,0.16483380121707458,1.1743437270406,0.6276094246917218,0.46173299958744274,0.5446712121395823,0.03526034951210022,0.07776341587305069,0.056511882692575455,0.011489099013243754,0.09271049937444097,0.05209979919384236,0.5474681462319726,0.7709453250873914,0.659206735659682,0.2794786226226082,0.4318279122309162,0.35565326742676223
0,0,full_bayesian_KORA_v3,KORA2452868,10,0.09007734579727185,1.1322067705373304,0.6266298871337914,0.5086458972600267,0.5676378921969091,0.06979864090681076,0.17721141874790192,0.12350502610206604,0.02274703321835486,0.10173409492603569,0.062240564072195276,0.7156497698688246,0.752116348863785,0.7338830593663048,0.3691984015435897,0.42692522189491033,0.39806181171925
0,0,full_bayesian_KORA_v3,KORA2462119,10,0.06583028999130111,1.142156058486738,0.5982003866369623,0.5606464011596917,0.579423393898327,0.05952245369553566,0.16852393746376038,0.11402319371700287,0.015780090075640414,0.0990171560946802,0.057398623085160305,0.6569311154790362,0.797068708998127,0.7269999122385815,0.3363556027773383,0.4480429325464036,0.39219926766187097
0,0,full_bayesian_KORA_v3,KORA2452381,10,0.05285177852848411,1.112564368748473,0.5908895289925199,0.5053040035762758,0.5480967662843979,0.08848255127668381,0.1915394812822342,0.1400110125541687,0.024904962569933426,0.11418319029440142,0.06954407643216742,0.7269266254955038,0.7917413208146609,0.7593339731550823,0.37591579403271863,0.4529622555545311,0.4144390247936249
0,0,full_bayesian_KORA_v3,KORA2452094,10,0.15457284663030613,1.1193153081901661,0.6341640069215007,0.5464267518479383,0.5902953793847194,0.051401812583208084,0.2412363737821579,0.14631909132003784,0.01290487332255351,0.08736608145666956,0.050135477389611535,0.6279193858000347,0.6778013299895281,0.6528603578947814,0.3204121295612941,0.38258370572309885,0.35149791764219646
0,0,full_bayesian_KORA_v3,KORA2459067,10,0.03797707722575809,1.0913536560588737,0.605488290382091,0.5057260737980126,0.5556071820900518,0.07914578914642334,0.255021870136261,0.16708382964134216,0.020879065633525384,0.11347057720448349,0.06717482141900444,0.7278197027060047,0.8193379662018992,0.773578834453952,0.37434938416976504,0.4664042717031914,0.4203768279364782
0,0,full_bayesian_KORA_v3,KORA2462352,10,0.11326561919391473,1.1300439962141442,0.6639497380730591,0.6230070992430149,0.643478418658037,0.05891996994614601,0.24739044904708862,0.15315520763397217,0.021642456850758964,0.09076346130971587,0.05620295908023742,0.7758983049905033,0.659850171711975,0.7178742383512391,0.3987703809206311,0.37530681651084546,0.38703859871573826
0,0,full_bayesian_KORA_v3,KORA2456357,10,0.12249853250090698,1.0520997405907182,0.5430916552667578,0.5098928842957763,0.5264922697812671,0.12267507612705231,0.2913481593132019,0.2070116102695465,0.03348732103653368,0.13888972008252184,0.08618852055952776,0.7600792714793373,0.8479544912052067,0.804016881342272,0.3967832962579355,0.4934221056438643,0.4451027009508999
0,0,full_bayesian_KORA_v3,KORA2459244,10,0.11234049822806937,1.1433815825642117,0.6075336670270305,0.5996425757939683,0.6035881214104994,0.032418180257081985,0.2102600485086441,0.1213391125202179,0.012799272652990327,0.09009481758112084,0.051447045117055584,0.6459127176860516,0.6567372307392811,0.6513249742126663,0.32935599516952097,0.373416024160201,0.351386009664861
0,0,full_bayesian_KORA_v3,KORA2461577,10,0.0882542230173078,1.133767608621238,0.61520357993736,0.5152712407573157,0.5652374103473379,0.03231485188007355,0.20433259010314941,0.11832372099161148,0.013339217367741294,0.16607919324802264,0.08970920530788197,0.6513506958122404,0.8461955798044715,0.748773137808356,0.3323449565899908,0.5061373865262471,0.4192411715581189
0,0,full_bayesian_KORA_v3,KORA2456021,10,0.07807219000711378,1.131170429206299,0.6344408367176126,0.5036115832698361,0.5690262099937244,0.061027832329273224,0.18599459528923035,0.12351121008396149,0.02856654985910726,0.1152610506455865,0.07191380025234688,0.7716433731781944,0.812038043796331,0.7918407084872627,0.4001049615186508,0.46364954722095875,0.4318772543698048
0,0,full_bayesian_KORA_v3,KORA2459499,10,0.046824054123946926,1.136258753312259,0.6078485327273696,0.5700120826976033,0.5889303077124864,0.08499140292406082,0.17186136543750763,0.12842638790607452,0.03305984745379794,0.09527777922397555,0.06416881333888674,0.8782071173948007,0.6960164509026632,0.787111784148732,0.45563348242429935,0.39564711506331934,0.4256402987438094
0,0,full_bayesian_KORA_v3,KORA2461885,10,0.03685234382684624,1.0990194970347216,0.6385006540552199,0.4413809096260532,0.5399407818406365,0.11497662216424942,0.19169488549232483,0.15333575010299683,0.03330472081756761,0.1260194932804313,0.07966210704899945,0.8141526240759797,0.7972615598251768,0.8057070919505782,0.42372867244677365,0.461640526552804,0.44268459949978883
0,0,full_bayesian_KORA_v3,KORA2461252,10,0.044456219938542464,1.0956768333231892,0.622179777477316,0.460194718427684,0.5411872479525,0.09756790101528168,0.2186937779188156,0.15813083946704865,0.032873799009688995,0.16223239876254508,0.09755309888611705,0.8032209301988222,0.872387284113502,0.8378041071561622,0.4180473646042556,0.5173098414380235,0.4676786030211396
0,0,full_bayesian_KORA_v3,KORA2460145,10,0.06994014297519786,1.083269759034839,0.5740302897434876,0.4703520650863268,0.5221911774149072,0.09536491334438324,0.23571564257144928,0.16554027795791626,0.029124538204156662,0.13524213935731186,0.08218333878073426,0.6633548930775417,0.7696633881497648,0.7165091406136532,0.34623971564084915,0.4524527637535383,0.39934623969719374
0,0,full_bayesian_KORA_v3,KORA2453589,10,0.04898664273312971,1.1146279865790971,0.6451579844442766,0.5785965885392214,0.611877286491749,0.10342512279748917,0.22385245561599731,0.16363878548145294,0.03773027906811137,0.13750627967406584,0.0876182793710886,0.6878306476830943,0.8287586137274996,0.7582946307052969,0.3627804633756028,0.4831324467007827,0.4229564550381928
0,0,full_bayesian_KORA_v3,KORA2460543,10,0.08557810672681682,1.0740308632931534,0.6053052906538162,0.5066749557566214,0.5559901232052188,0.06148916855454445,0.3092382848262787,0.18536372482776642,0.01923501417784404,0.10411670035147681,0.061675857264660426,0.6323275141205573,0.7657177147629912,0.6990226144417743,0.32578126414920067,0.434917207557234,0.3803492358532174
